{"cameraMode":{"drawMode":0,"name":"Shaded","section":"Shading Mode"},"sceneLighting":true,"audioPlay":false,"sceneViewState":{"m_AlwaysRefresh":false,"showFog":true,"showSkybox":true,"showFlares":true,"showImageEffects":true,"showParticleSystems":true,"showVisualEffectGraphs":true,"m_FxEnabled":true},"in2DMode":false,"pivot":{"x":0.781000018119812,"y":0.2590000033378601,"z":0.013000011444091797},"rotation":{"x":-0.5730075240135193,"y":0.33412492275238039,"z":-0.2751011848449707,"w":-0.6959601640701294},"size":0.5436814427375794,"orthographic":false}